,ADM2_NAME,worse_ev_5,worse_ev_10,worse_ev_20,worse_ev_50,worse_ev_100,worse_ev_200,DN,dtime_ev_5_t,dtime_ev_10_t,dtime_ev_20_t,dtime_ev_50_t,dtime_ev_100_t,dtime_ev_200_t
0,Asokore Mampong Muni,6477,27273,76467,132219,140025,141188,264461,2286.399294899999,2403797.45178335,10565294.594458217,19776205.71718755,22819941.945331383,25858064.757674582
1,Asokwa  Municipal,39299,43210,57923,162774,197950,207153,367995,2508865.846886243,7484582.2610128,9642081.50646937,15613310.5939123,27978801.777546614,47956330.26871263
2,Kumasi Metropolitan,0,0,2469,117601,141362,141977,401183,0.0,0.0,1314.5472945499998,19204305.559918713,22024005.774315067,31398294.758048937
3,Kwadaso Municipal,2441,60145,178826,348188,406475,445150,841524,155800.77370892855,3456407.1395238834,10788339.859164502,57426711.32485607,72994032.02703977,88673039.07390198
4,Oforikrom Municipal,6883,75947,104096,179063,194082,201918,434601,3367454.4717817,12854876.425402628,17267756.054099467,46110345.858720794,59595824.59241109,73134561.09609771
5,Old Tafo Municipal,0,42938,49908,167446,179508,187228,380197,0.0,8252.015741299982,1365840.8319346998,9181077.368243326,13251932.311675569,18757047.231097467
6,Suame Municipal,20292,21069,57951,121784,128191,157476,374148,16070386.833891343,20252175.91717414,28072025.781147692,53548777.1211033,64494515.10116589,69127158.14554693
